no,sequence,brightness,score1,score2,score3,explain
1,RDHMVLLEFVTAAGIT,3.719212132,0.089,0.203,9.06,score1: all multimer prediction
2,RDHMVLLEFVTDAGIT,3.26338117,0.053,0.202,8.995,score2: database & multimer prediction
3,RDHMVLLEFVTSAGIT,3.577537007,0.087,0.196,9.068,score3: database & GFP11
4,RDHMVLLEFVTTAGIT,3.601923332,0.086,0.201,9.002,
5,RDHMVLLEFVTVAGIT,3.574859345,0.086,0.198,9,
6,RDHMVLLEFVTADGIT,3.679188955,0.08,0.201,1.392,
7,RDHMVLLEFVTAPGIT,3.731162002,0.081,0.205,1.404,
8,RDHMVLLEFVTASGIT,3.638205893,0.086,0.195,1.626,
9,RDHMVLLEFVTATGIT,3.727954019,0.084,0.192,1.659,
10,RDHMVLLEFVTAVGIT,3.63948833,0.089,0.197,1.178,
11,REHMVLLEFVTAAGIT,3.648837051,0.086,0.196,8.881,
12,REHMVLLEFVTATGIT,3.508758442,0.097,0.205,9.094,
13,REHMVLLESVTAAGIT,3.246993687,0.046,0.196,2.16,
14,REHMVLLEFATAAGIT,3.504146848,0.093,0.204,1.53,
15,RGHMVLLEFVTAAGIT,2.637184522,0.088,0.2,8.93,
16,RNHMVLLEFVTAAGIT,3.419292574,0.088,0.202,1.212,
17,RVHMVLLEFMTAAGIT,1.734527561,0.098,0.214,8.854,
18,RDHMVLLAFVTAAGIT,3.150899817,0.083,0.196,8.302,
19,RDHMVLLAYVTAAGIT,3.275218489,0.083,0.197,8.255,
20,RDHMVLLDFVTAAGIT,3.503823338,0.078,0.195,1.506,
21,RDHMVLLGFVTAAGIT,3.138123907,0.101,0.205,8.455,
22,RDHMVLLGIVTAAGIT,3.211874474,0.089,0.2,8.438,
23,RDHMVLLGFVAAAGIT,3.138157572,0.101,0.218,7.949,
24,RDHMVLLGFVTAAGIA,3.119185074,0.089,0.209,7.82,
25,RDHMVLLEIVTAAGIT,3.65841132,0.082,0.2,8.917,
26,RDHMVLLELVTAAGIT,3.672855886,0.086,0.203,8.917,
27,RDHMVLLELVTAAEIT,3.727787734,0.086,0.198,7.958,
28,RDHMVLLELVTAAGTT,3.555746247,0.085,0.196,8.75,
29,RDHMVLLELATAAGIT,3.270800542,0.085,0.2,8.427,
30,RDHMVLLESVTAAGIT,3.653068328,0.038,0.191,1.825,
31,RDHMVLLESATAAGIT,3.217648178,0.086,0.197,1.953,
32,RDHMVLLEVVTAAGIT,3.705676595,0.085,0.201,8.809,
33,RDHMVLLEYVTAAGIT,3.741534292,0.085,0.198,1.359,
34,RDHMVLLEYVTAAGFT,3.798730072,0.075,0.183,1.134,
35,RDHMVLLEYVAAAGIT,3.721037458,0.078,0.196,8.892,
36,RDHMVLLEYATAAGIT,3.504022032,0.084,0.197,1.241,
37,RDHMVLLEFVTAAEIT,3.637395167,0.086,0.193,1.386,
38,RDHMVLLEFVTAARIT,3.758576621,0.078,0.19,8.34,
39,RDHMVLLEFVTAARFT,3.694205181,0.083,0.191,1.392,
40,RDHMVLLEFVTAAVIT,3.668027207,0.042,0.187,8.388,
41,RDHMVLLEFVTAAWIT,3.693902744,0.085,0.192,8.288,
42,RDDMVLLEFVTAAGIT,1.510938872,0.089,0.198,1.689,
43,RDLMVLLEFVTAAGIT,1.301030016,0.087,0.188,8.111,
44,RDNMVLLEFVTAAGIT,3.532414298,0.088,0.198,1.512,
45,RDPMVLLEFVTAAGIT,1.301029991,0.089,0.197,8.307,
46,RDRMVLLEFVTAAGIT,1.540820651,0.089,0.209,1.709,
47,RDRMVLLELVTAAGIT,1.301029994,0.085,0.198,8.218,
48,RDRMVLLEFVTAAGVT,1.300336273,0.078,0.191,8.227,
49,RDRMVPLEFVTAAGIT,1.814279304,0.096,0.196,1.964,
50,RDRMVLLEFVAAAGIT,1.418480607,0.077,0.199,8.023,
51,RDHMVLLEFVTAAGDT,3.691096719,0.075,0.188,2.025,
52,RDHMVLLEFVTAAGFT,3.678282804,0.037,0.192,8.721,
53,RDHMVLLEFVTAAGMT,3.774339498,0.042,0.193,8.599,
54,RDHMVLLEFVTAAGNT,3.653150516,0.04,0.195,1.812,
55,RDHMVLLEFVTAAGTT,3.706533893,0.079,0.193,1.544,
56,RDHMVLLEFVTAAGTI,3.79480957,0.082,0.193,7.482,
57,RDHMVLLEFVTAAGVT,3.696424381,0.04,0.193,1.339,
58,RDHMVLLEFVTAAGVA,3.649625335,0.037,0.191,1.538,
59,RDHMVPLEFVTAAGIT,1.304706482,0.095,0.199,2.146,
60,RDHMVPLEFVPAAGIT,1.301030001,0.09,0.218,2.643,
61,RDHMVQLEFVTAAGIT,3.085452718,0.082,0.192,1.322,
62,RDHMVLPEFVTAAGIA,1.589798901,0.083,0.189,2.489,
63,RDHMVLQEFVTAAGIT,3.747805979,0.04,0.191,1.491,
64,RDHMVLQEFVSAAGIT,3.697530554,0.076,0.194,1.77,
65,RDHMVLQEFATAAGIT,3.64976369,0.09,0.2,1.986,
66,RDHMVLREFVTAAGIT,3.710983372,0.082,0.195,1.633,
67,RDHMVLVEFVTAAGIT,3.793346556,0.084,0.196,1.212,
68,RDHIVLLEFVTAAGIT,3.543447479,0.084,0.193,9.002,
69,RDHIVLPEFVTAAGIT,1.301030188,0.091,0.203,2.186,
70,RDHIVLLEFATAAGIT,3.152037944,0.096,0.204,1.826,
71,RDHKVLLEFVTAAGIT,1.64065702,0.095,0.222,1.516,
72,RDHLVLLEFVTAAGIT,3.636033146,0.086,0.199,9,
73,RDHLVLLESVTAAGIT,3.770571337,0.083,0.201,1.749,
74,RDHRVLLEFVTAAGIT,1.641932147,0.093,0.219,1.295,
75,RDHTVLLEFVTAAGIT,3.493437316,0.093,0.194,1.423,
76,RDHTVLLELVTAAGIT,3.361150046,0.092,0.211,8.152,
77,RDHVVLLEFVTAAGIT,3.479889093,0.087,0.193,1.291,
78,RDHVVLLELVTAAGIT,3.408409194,0.092,0.197,2.277,
79,RDHVVLLEFVAAAGIT,3.33647607,0.088,0.193,1.653,
80,RDHVVLLEFVTAAGIA,3.535916217,0.088,0.192,7.892,
81,RDHMVLLEFVAAAGIT,3.696311919,0.084,0.195,1.329,
82,RDHMVLLEFVAAVGIT,3.771880837,0.049,0.198,8.795,
83,RDHMVLLEFVIAAGIT,3.621050562,0.083,0.197,8.892,
84,RDHMVLLEFVIAAGVT,3.654184538,0.085,0.197,8.873,
85,RDHMVLLEFVNAAGIT,3.658701352,0.082,0.196,9.049,
86,RDHMVLLEFVPAAGIT,2.725740182,0.083,0.197,1.714,
87,RDHMVLLEFVSAAGIT,3.769816142,0.083,0.196,9.046,
88,RDHMVLLEFVSAAGTT,3.7152577,0.086,0.198,1.677,
89,RDHMVLLEFVSAAGIA,3.852659353,0.083,0.198,1.629,
90,RDHMVLLEFVTAAGIA,3.716070082,0.081,0.194,1.578,
91,RDHMVLLEFVTAAGII,3.634952945,0.036,0.193,7.922,
92,RDHMVLLEFVTAAGIP,3.718178592,0.082,0.193,1.293,
93,RDHMVLLEFVTAAGIS,3.735574167,0.037,0.187,1.233,
94,RDHMALLEFVTAAGIT,3.525618783,0.089,0.196,1.515,
95,RDHMALLEFVTAAGTT,3.292895402,0.088,0.198,1.505,
96,RDHMALLEFVAAAGIT,3.300891867,0.085,0.201,7.563,
97,RDHMDLLEFVTAAGIT,3.391817209,0.043,0.188,1.758,
98,RDHMDLLEFVTAAGTT,3.320417063,0.041,0.194,2.592,
99,RDHMILLEFVTAAGIT,3.777512004,0.088,0.199,9.076,
100,RDHMILLEFVTAAGTT,3.65836363,0.041,0.194,8.964,
101,RDHMILLEFVSAAGIT,3.65635479,0.085,0.195,9.022,
102,RDHMVLLEFATAAGIT,3.504383283,0.093,0.204,8.931,
103,RDHMVLLEFATAAGTT,3.555387563,0.091,0.204,1.476,
104,RDHMVLLEFASAAGIT,3.503598871,0.086,0.199,9.092,
105,RDHMVLLEFATAAGII,3.435219324,0.082,0.198,7.654,
106,RDHMVLLEFATAAGIS,3.460471709,0.086,0.196,1.318,
107,RDHMVLLEFETAAGIT,3.256948921,0.091,0.205,1.373,
108,RDHMVLLEFGTAAGIT,3.284122628,0.094,0.214,8.945,
109,RDHMVLLEFLTAAGIT,3.787350902,0.041,0.196,9.132,
